{"cameraMode":{"drawMode":0,"name":"Shaded","section":"Shading Mode"},"sceneLighting":false,"audioPlay":false,"sceneViewState":{"showFog":true,"showMaterialUpdate":false,"showSkybox":true,"showFlares":true,"showImageEffects":true,"showParticleSystems":true},"in2DMode":false,"pivot":{"x":-11.970000267028809,"y":1.1349999904632569,"z":6.21999979019165},"rotation":{"x":0.13733923435211183,"y":-0.2519848346710205,"z":0.03615424782037735,"w":0.957253634929657},"size":7.2429938316345219,"orthographic":false}