{"cameraMode":{"drawMode":0,"name":"Shaded","section":"Shading Mode"},"sceneLighting":true,"audioPlay":false,"sceneViewState":{"showFog":true,"showMaterialUpdate":false,"showSkybox":true,"showFlares":true,"showImageEffects":true,"showParticleSystems":true},"in2DMode":false,"pivot":{"x":-22.949993133544923,"y":28.30000114440918,"z":-449.5780334472656},"rotation":{"x":0.049763839691877368,"y":-0.9220704436302185,"z":0.12665067613124848,"w":0.36231109499931338},"size":464.0302734375,"orthographic":false}