{"cameraMode":{"drawMode":0,"name":"Shaded","section":"Shading Mode"},"sceneLighting":false,"audioPlay":false,"sceneViewState":{"showFog":true,"showMaterialUpdate":false,"showSkybox":true,"showFlares":true,"showImageEffects":true,"showParticleSystems":true},"in2DMode":false,"pivot":{"x":-18.389097213745118,"y":41.12188720703125,"z":17.823383331298829},"rotation":{"x":-0.07254428416490555,"y":-0.704205334186554,"z":0.07271851599216461,"w":-0.7025270462036133},"size":31.210405349731447,"orthographic":true}